{
  "train_loss": [
    1.66870245774587,
    0.40331089602576364,
    0.2292108377152019,
    0.17872487978802787,
    0.15427692426575554,
    0.139222239272462,
    0.12622254331906638,
    0.11703282435735067,
    0.10834466871288087,
    0.10342737884985076,
    0.09925082950956292,
    0.09354441712299982,
    0.08896392542454931,
    0.08649649030632443,
    0.0822329495019383,
    0.08024910156925519,
    0.07793580155405733,
    0.07626741047534678,
    0.0754772649374273,
    0.07357798928187953
  ],
  "val_loss": [
    0.563695158922311,
    0.21530472069527162,
    0.15210359774981486,
    0.13116805277990573,
    0.1253159437046358,
    0.11907898097045043,
    0.1155772557566789,
    0.11727182411899169,
    0.1157425206126363,
    0.11776890686826047,
    0.11895003309473395,
    0.11870250036714203,
    0.11725262292858327,
    0.1214704194007385,
    0.12069860821815603,
    0.12049181583676148,
    0.12167497449836721,
    0.12360018425423538,
    0.12390888153194365,
    0.12420438149958059
  ],
  "epoch_times": [
    80.11055779457092,
    79.98600125312805,
    79.92136406898499,
    79.77934789657593,
    79.79944610595703,
    79.73097205162048,
    79.91683030128479,
    79.51358795166016,
    80.10501718521118,
    80.14394998550415,
    79.60882210731506,
    79.84909629821777,
    80.02203106880188,
    79.92181706428528,
    80.2277021408081,
    80.22293305397034,
    80.49015665054321,
    80.8019151687622,
    81.5120120048523,
    84.77510929107666
  ],
  "best_val_loss": 0.1155772557566789,
  "model_key": "bert_small",
  "model_name": "google/bert_uncased_L-4_H-256_A-4"
}