{
  "train_loss": [
    2.5434317938486735,
    0.9998916374312506,
    0.5134306434790293,
    0.3762627296977573,
    0.3094777284728156,
    0.273654545545578,
    0.24907048218780092,
    0.23061781823635102,
    0.21789196021027035,
    0.2085077455639839,
    0.19998503310812843,
    0.195176995297273,
    0.1877682336171468,
    0.1846310903959804,
    0.1818360192908181,
    0.17776041166649925,
    0.17509324471155802,
    0.17373581137922076,
    0.17301236639420192,
    0.1721972726451026
  ],
  "val_loss": [
    1.3413723960067288,
    0.5881421421513413,
    0.3530338767803077,
    0.26372671962687466,
    0.22077854869492125,
    0.19689330198999608,
    0.1828091825273904,
    0.17273815783361593,
    0.16705523894140215,
    0.16165269679869665,
    0.16026296661320058,
    0.15644630030587767,
    0.1550141754701282,
    0.1531758245758035,
    0.14999826884630954,
    0.14898018217222256,
    0.14949094346075348,
    0.14865971221165222,
    0.14838944011452523,
    0.1483215642528552
  ],
  "epoch_times": [
    24.585710048675537,
    27.576796054840088,
    26.491204977035522,
    25.693762063980103,
    25.843061685562134,
    26.882251024246216,
    26.418901205062866,
    27.614301919937134,
    27.528825044631958,
    25.42891001701355,
    25.87328314781189,
    25.439666032791138,
    25.215473890304565,
    25.69481587409973,
    25.917582988739014,
    25.629918813705444,
    25.26127314567566,
    25.981043338775635,
    25.044036149978638,
    25.622653007507324
  ],
  "best_val_loss": 0.1483215642528552,
  "model_key": "bert_tiny",
  "model_name": "google/bert_uncased_L-2_H-128_A-2"
}